diseases	frequency
senokot 7.5mg tablet|m1140851088	0.0006006148667449389
quinidine|m1140851530	8.483260829730775e-05
bedranol 10mg tablet|m1140851556	0.00014930539060326164
gtn 400micrograms spray|m1140851812	0.0035086766791766486
vitamin a|m1140852756	0.00048184921512870805
vitamin a+d capsule|m1140852766	0.00021717147724110785
cacit 500mg effervescent tablet|m1140852836	7.804599963352314e-05
calcium+vitamin d 500units tablet|m1140852948	0.005856843276846127
multivitamins|m1140852976	0.040868957373310984
bromelains|m1140853200	0.0003087906942022002
macrogol ointment|m1140854076	0.0003325438245254464
salbuvent 100micrograms inhaler|m1140855380	0.0003087906942022002
benadryl 25mg capsule|m1140855562	0.0001662719122627232
oxygen gas|m1140855694	0.00012215895594812316
panadol 500mg tablet|m1140856240	7.465269530163082e-05
syndol tablet|m1140856342	0.0010315645168952623
solpadeine soluble effervescent tablet|m1140856442	0.00014251878193947701
tetralysal 204mg capsule|m1140857044	0.00012894556461190778
calcium sulphaloxate|m1140857200	0.00010858573862055393
depo-provera 50mg/1ml injection|m1140857620	0.00098405825624877
prempak 0.625 tablet|m1140857636	0.002025802686139709
oestradiol 25mg implant 36 week|m1140857690	0.00012215895594812316
genotropin 12iu multidose injection|m1140857748	0.00012894556461190778
desogestrel|m1140857912	9.8405825624877e-05
neo-cytamen 250micrograms/1ml injection|m1140858448	7.465269530163082e-05
hepacon b12 1mg/1ml injection|m1140858452	0.0006549077360552158
fusidic acid|m1140859220	0.00011197904295244624
metoprolol tartrate+chlorthalidone 100mg/12.5mg tablet|m1140860308	7.804599963352314e-05
tenoret 50 tablet|m1140860324	8.822591262920007e-05
sotalol hydrochloride+hydrochlorothiazide 80mg/12.5mg tablet|m1140860332	0.00011197904295244624
tenif capsule|m1140860358	7.465269530163082e-05
propranolol hydrochloride+bendrofluazide 80mg/2.5mg capsule|m1140860418	0.00014591208627136933
methyldopa|m1140860470	0.00019002504258596936
minoxidil|m1140860532	0.00017645182525840013
hytrin 2mg tablet|m1140860610	8.143930396541544e-05
cardura 1mg tablet|m1140860690	0.0007668867790076621
lisinopril|m1140860696	0.03942001642359297
zestril 2.5mg tablet|m1140860714	0.00018323843392218473
quinapril|m1140860728	0.0005972215624130466
captopril|m1140860750	0.0006583010403871082
enalapril maleate+hydrochlorothiazide 20mg/12.5mg tablet|m1140860790	0.00037665678084004644
coversyl 2mg tablet|m1140860802	0.00048524251946060033
ramipril|m1140860806	0.06708562664151096
glyceryl trinitrate|m1140860834	0.004604713978377865
coro-nitro spray 400micrograms spray|m1140860836	0.00018323843392218473
gtn 300micrograms sublingual tablet|m1140860838	0.00012894556461190778
nitrolingual 400micrograms spray|m1140860840	0.0015235936450196472
suscard 1mg m/r buccal tablet|m1140860846	7.465269530163082e-05
trandolapril|m1140860904	0.0007804599963352313
isosorbide mononitrate|m1140860954	0.004954224324562773
imdur 60mg durule|m1140860976	0.0005598952147622311
elantan 10 tablet|m1140860982	8.483260829730775e-05
isib 20mg tablet|m1140860994	7.804599963352314e-05
glytrin 400micrograms spray|m1140861000	8.483260829730775e-05
isosorbide dinitrate|m1140861008	0.0003359371288573387
nifedipine|m1140861088	0.0034509905055344794
adalat 5mg capsule|m1140861090	0.0034272373752112333
coracten sr 10mg m/r capsule|m1140861120	0.0011537234728433855
tildiem 60mg m/r tablet|m1140861128	0.002830015812798187
adizem-60 m/r tablet|m1140861138	0.0013437485154293549
dilzem sr 60mg long acting m/r capsule|m1140861166	0.0006277613014000773
istin 5mg tablet|m1140861202	0.00048184921512870805
lacidipine|m1140861276	0.001489660601700724
motens 2mg tablet|m1140861282	0.00011876565161623085
clexane 20mg/0.2ml prefilled syringe|m1140861594	0.00010519243428866161
dipyridamole|m1140861778	0.0027214300741776327
persantin 25mg tablet|m1140861780	0.0008618993003006467
aspirin 75mg tablet|m1140861806	0.009111022131130853
tranexamic acid|m1140861832	0.0017475517309245396
nicotinic acid product|m1140861868	0.00011197904295244624
maxepa 1g capsule|m1140861884	0.0002035982599135386
lipid lowering drug|m1140861922	7.465269530163082e-05
bezafibrate|m1140861924	0.0013403552110974625
bezalip 200mg tablet|m1140861926	0.00014251878193947701
bezalip-mono 400mg m/r tablet|m1140861928	0.0002375313032324617
questran 4g/sachet powder|m1140861936	0.0004343429544822157
fenofibrate|m1140861954	0.0019545432951699705
simvastatin|m1140861958	0.1641103774033078
salbulin 100micrograms inhaler|m1140861996	0.00024771121622813865
ventolin 100micrograms inhaler|m1140861998	0.039827212943420044
ventodisks 200micrograms/blister disks+diskhaler|m1140862016	0.0002443179118962463
ciprofibrate|m1140862026	0.00026128443355570786
modalim 100mg tablet|m1140862028	7.125939096973851e-05
ventolin 2mg tablet|m1140862060	0.0005191755627795235
ventolin cr 4mg m/r tablet|m1140862070	8.483260829730775e-05
salamol 100micrograms inhaler|m1140862086	0.004309496501503234
salmeterol|m1140862144	0.0037665678084004644
serevent 25mcg inhaler|m1140862148	0.0038819401556848027
bricanyl 5mg tablet|m1140862162	0.00010519243428866161
bricanyl 250mcg inhaler|m1140862168	0.003118446681009033
atrovent 20micrograms inhaler|m1140862236	0.0014828739930369396
aminophylline|m1140862260	0.00028503756387895403
phyllocontin continus 225mg m/r tablet|m1140862266	0.0005463219974346619
adrenaline product|m1140862290	0.0001594853035989386
becloforte 250micrograms inhaler|m1140862380	0.0007465269530163082
becotide 50 inhaler|m1140862382	0.008303415700140484
theophylline product|m1140862412	0.00017645182525840013
nuelin 125mg tablet|m1140862414	7.804599963352314e-05
slo-phyllin 60mg m/r capsule|m1140862424	9.501252129298468e-05
uniphyllin continus 200mg m/r tablet|m1140862438	0.0006752675620465697
aerobec 50mcg autohaler|m1140862474	8.483260829730775e-05
beclazone 50 inhaler|m1140862476	0.003949806242322649
sodium cromoglycate|m1140862526	0.0004004099111632926
intal 5mg inhaler|m1140862532	7.125939096973851e-05
ventide inhaler|m1140862560	0.0001662719122627232
budesonide|m1140862572	0.0029521747687463098
pulmicort ls 50micrograms inhaler|m1140862574	0.0020868821641137707
pulmicort ls 50micrograms spacer inhaler|m1140862584	0.00018323843392218473
chlorpheniramine maleate|m1140862624	7.125939096973851e-05
piriton 4mg tablet|m1140862628	0.002015622773144032
nytol 25mg tablet|m1140862722	0.00023074469456867708
vallergan 10mg tablet|m1140862742	7.804599963352314e-05
acrivastine|m1140862760	0.0003020040855384156
zirtek 10mg tablet|m1140862770	0.0003596902591805849
loratadine|m1140862772	0.010050967431065023
clarityn 10mg tablet|m1140862776	0.00111639712519257
phenergan 10mg tablet|m1140862810	0.00028843086821084637
acetylcysteine|m1140862938	9.501252129298468e-05
carbocisteine|m1140862944	0.0007465269530163082
mucodyne 375mg capsule|m1140862952	0.0004750626064649234
sudafed co tablet|m1140862998	9.501252129298468e-05
sudafed 60mg tablet|m1140863098	0.0002375313032324617
loprazolam|m1140863120	0.00015269869493515396
zopiclone|m1140863144	0.0049508310202308805
diazepam|m1140863152	0.004021065633292387
lormetazepam|m1140863176	0.00014591208627136933
nitrazepam|m1140863182	0.0008585059959687545
temazepam|m1140863202	0.002918241725427387
valium 2mg tablet|m1140863244	0.00017645182525840013
clobazam|m1140863268	0.00025789112922381557
atarax 10mg tablet|m1140863286	0.00014930539060326164
ucerax 25mg tablet|m1140863292	0.00011197904295244624
lorazepam|m1140863302	0.0004886358237924926
chlordiazepoxide|m1140863328	0.0001594853035989386
oxazepam|m1140863442	0.00018323843392218473
paramol tablet|m1140863552	8.143930396541544e-05
kapake tablet|m1140864070	0.0003630835635124772
dovonex 50micrograms/g cream|m1140864184	0.0007295604313568467
climagest 1mg tablet|m1140864196	0.0006820541707103544
provera 2.5mg tablet|m1140864232	0.00017645182525840013
flixotide 25micrograms inhaler|m1140864286	0.002331200076010017
cocois scalp ointment|m1140864346	0.0001017991299567693
xatral 2.5mg tablet|m1140864472	0.0005293554757752004
capsaicin 0.075% cream|m1140864558	0.00011197904295244624
cabergoline|m1140864566	0.0003427237375211233
zestoretic 10 tablet|m1140864618	0.0003053973898703079
combivent inhaler|m1140864734	0.0006209746927362927
lansoprazole|m1140864752	0.05254192427502053
stilnoct 5mg tablet|m1140864916	9.161921696109237e-05
bisoprolol fumarate+hydrochlorothiazide 10mg/6.25mg tablet|m1140864950	0.0009195854739428161
lisinopril+hydrochlorothiazide 10mg/12.5mg tablet|m1140864952	0.0004648826934692465
salbutamol+ipratropium 100micrograms/20micrograms inhaler|m1140864966	0.00031218399853409254
tramadol|m1140864992	0.01644734609668203
zydol 50mg capsule|m1140865000	0.00041737643282275416
viscotears liquid eye gel|m1140865010	0.0032541788542847254
zolpidem|m1140865016	0.000994238169244447
dried yeast 300mg tablet|m1140865170	0.00021377817290921554
pro-banthine 15mg tablet|m1140865330	8.143930396541544e-05
spasmonal 60mg capsule|m1140865336	0.0009331586912703852
alverine citrate+sterculia 0.5%/62% granules|m1140865338	0.00024771121622813865
fybogel mebeverine sachet|m1140865350	0.00205634242512674
gaviscon liquid|m1140865354	0.007852106223998805
maalox plus suspension|m1140865366	0.0001017991299567693
kolanticon gel|m1140865380	0.00010858573862055393
merbentyl 10mg tablet|m1140865382	0.000393623302499508
hyoscine butylbromide|m1140865394	0.0003630835635124772
buscopan 10mg tablet|m1140865396	0.0013437485154293549
mebeverine hcl+ispaghula 135mg/3.5g/sachet granules|m1140865408	0.00015269869493515396
peppermint oil product|m1140865414	0.0006718742577146774
colpermin 0.2ml m/r gel e/c capsule|m1140865416	0.0012860623417871855
mintec 0.2ml e/c capsule|m1140865418	0.00021038486857732322
cimetidine|m1140865426	0.001126577038188247
sucralfate|m1140865536	0.00011197904295244624
imodium 2mg capsule|m1140865564	0.0007092006053654928
cholestyramine|m1140865576	7.125939096973851e-05
mesalazine|m1140865578	0.0020970620771094475
asacol 400mg e/c tablet|m1140865580	0.0020597357294586324
pentasa sr 250mg m/r tablet|m1140865588	0.000973878343253093
nizatidine|m1140865618	0.00028164425954706174
misoprostol|m1140865628	0.0001017991299567693
omeprazole|m1140865634	0.0880291009779503
codeine phosphate+kaolin 10mg/3g/10ml mixture|m1140865654	0.0004750626064649234
lomotil tablet|m1140865658	0.00022395808590489248
sulphasalazine|m1140865668	0.0007601001703438774
salazopyrin 500mg tablet|m1140865670	0.0008347528656455083
dulco-lax 5mg e/c tablet|m1140865686	0.000196811651249754
senna|m1140865716	0.0028469823344576483
liquid paraffin|m1140865734	8.822591262920007e-05
ispaghula husk|m1140865752	0.0013301752981017855
regulan 3.6g/sachet powder|m1140865762	0.00029182417254273866
methylcellulose|m1140865772	0.00010858573862055393
bisacodyl|m1140865786	0.0005870416494173697
lactulose product|m1140865800	0.003912479894671834
lactugal solution|m1140865808	8.822591262920007e-05
anusol cream|m1140865816	0.000393623302499508
predfoam 20mg enema|m1140865840	0.00017645182525840013
magnesium citrate|m1140865872	0.0004886358237924926
ursodeoxycholic acid product|m1140865996	7.125939096973851e-05
ursofalk 250mg capsule|m1140866000	0.00012894556461190778
creon e/c granules in capsule|m1140866026	0.000821179648317939
indapamide|m1140866078	0.004720086325662203
frusemide|m1140866116	0.0026094510312251865
bendrofluazide|m1140866122	0.00782835309367556
hydrochlorothiazide|m1140866162	0.0001323388689438001
spironolactone|m1140866236	0.0027383965958370942
bumetanide|m1140866280	0.0011774766031666317
navispare tablet|m1140866352	8.822591262920007e-05
dyazide tablet|m1140866402	0.0001696652165946155
frumil tablet|m1140866406	0.0002544978248919233
moduretic tablet|m1140866420	0.00012555226028001547
bendrofluazide+potassium 2.5mg/7.7mmol m/r tablet|m1140866450	0.0001696652165946155
half securon sr 120mg m/r tablet|m1140866460	0.00017984512959029245
securon 40mg tablet|m1140866466	0.00035629695484869255
disopyramide|m1140866568	7.804599963352314e-05
atenolol|m1140866738	0.05566376426036145
tenormin 25 tablet|m1140866756	0.00019002504258596936
half-inderal la 80mg m/r capsule|m1140866800	0.0005089956497838466
inderal 10mg tablet|m1140866804	0.00036647686784436947
depixol 3mg tablet|m1140867152	0.00017984512959029245
haloperidol|m1140867168	0.0001696652165946155
stelazine 1mg tablet|m1140867244	0.00017305852092650782
sulpiride|m1140867304	0.0002002049555816463
clozapine|m1140867420	0.00012215895594812316
risperidone|m1140867444	0.0007397403443525236
modecate 12.5mg/0.5ml oily injection|m1140867456	0.0001017991299567693
lithium product|m1140867490	0.0013912547760758472
camcolit 250 tablet|m1140867494	8.143930396541544e-05
priadel 200mg m/r tablet|m1140867504	0.0008856524306238929
prothiaden 25mg capsule|m1140867624	0.00024771121622813865
doxepin|m1140867640	0.0001017991299567693
anafranil 10mg capsule|m1140867690	9.501252129298468e-05
lofepramine|m1140867726	0.0010553176472185084
trimipramine|m1140867756	0.00022735139023678477
nortriptyline|m1140867818	0.0008585059959687545
phenelzine|m1140867850	7.804599963352314e-05
prozac 20mg capsule|m1140867876	0.0018188111218942781
sertraline|m1140867878	0.006019721884776958
lustral 50mg tablet|m1140867884	0.00018663173825407705
paroxetine|m1140867888	0.004767592586308695
moclobemide|m1140867920	9.8405825624877e-05
triptafen tablet|m1140867934	7.125939096973851e-05
amitriptyline hydrochloride+perphenazine 10mg/2mg tablet|m1140867948	0.0003495103461849079
fluanxol 500micrograms tablet|m1140867952	7.465269530163082e-05
motilium 10mg tablet|m1140867998	0.00045130947614167725
serc-8 tablet|m1140868064	0.00037665678084004644
stugeron 15mg tablet|m1140868074	0.0002341379989005694
cyclizine|m1140868080	0.0005225688671114157
trifluoperazine|m1140868120	0.00028843086821084637
ondansetron|m1140868134	0.00015269869493515396
prochlorperazine|m1140868170	0.002002049555816463
stemetil 5mg tablet|m1140868172	0.0008822591262920007
buccastem 3mg tablet|m1140868192	0.000339330433189231
aspirin|m1140868226	0.19184046040353175
paracetamol product|m1140868240	0.0001017991299567693
acupan 30mg tablet|m1140868342	0.00010858573862055393
prednisone|m1140868364	0.0009195854739428161
climaval 1mg tablet|m1140868372	0.0017373718179288628
oestriol product|m1140868400	9.501252129298468e-05
conjugated oestrogens|m1140868406	0.000295217476874631
premarin 625micrograms tablet|m1140868408	0.005805943711867743
harmogen 1.5mg tablet|m1140868422	0.0001357321732756924
triamcinolone|m1140868426	0.0004886358237924926
oestradiol product|m1140868456	0.0003087906942022002
hormonin tablet|m1140868458	0.0005395353887708773
progynova 1mg tablet|m1140868460	0.0005497153017665542
vagifem 25mcg pessary|m1140868472	0.0037054883304264027
tibolone|m1140868482	0.002399066162647863
dydrogesterone|m1140868494	7.804599963352314e-05
duphaston 10mg tablet|m1140868496	9.501252129298468e-05
cyclo-progynova 1mg tablet|m1140868508	0.00018323843392218473
trisequens tablet|m1140868514	0.0002443179118962463
nuvelle tablet|m1140868518	0.000590434953749262
estracombi tts patch|m1140868520	0.00028164425954706174
testosterone product|m1140868532	0.0008652926046325391
restandol 40mg capsule|m1140868536	7.125939096973851e-05
sustanon 100 oily injection|m1140868538	0.0002544978248919233
finasteride|m1140868550	0.005025483715532512
norethisterone|m1140868580	0.0008143930396541544
progesterone product|m1140868588	0.0004580960848054619
proscar 5mg tablet|m1140868608	0.0001594853035989386
didronel 200mg tablet|m1140868772	0.00044791617180978496
disodium pamidronate|m1140868784	0.00010858573862055393
sodium clodronate|m1140868794	0.00014591208627136933
bonefos 400mg capsule|m1140868804	9.501252129298468e-05
desmopressin|m1140868816	0.0003630835635124772
bromocriptine|m1140868866	7.804599963352314e-05
acarbose|m1140868902	0.00014251878193947701
ortho-gynest 500micrograms pessary|m1140869034	0.001038351125559047
ovestin 0.1% vaginal cream|m1140869036	0.0008822591262920007
alprostadil|m1140869100	0.00018663173825407705
marvelon tablet|m1140869162	0.0002782509552151694
mercilon tablet|m1140869164	0.00039022999816761564
logynon tablet|m1140869176	0.0004580960848054619
microgynon 30 tablet|m1140869180	0.001672899035622909
ovranette tablet|m1140869186	0.00023074469456867708
brevinor tablet|m1140869256	9.8405825624877e-05
trinovum tablet|m1140869266	9.161921696109237e-05
medroxyprogesterone|m1140869270	0.00017305852092650782
micronor tablet|m1140869276	0.0017339785135969705
noriday tablet|m1140869278	0.0008618993003006467
loestrin 20 tablet|m1140869324	0.0005463219974346619
femodene tablet|m1140869334	0.0001662719122627232
cilest tablet|m1140869346	0.00042076973715464644
femulen tablet|m1140869362	0.0009433386042660622
levonorgestrel|m1140869366	8.143930396541544e-05
norgeston tablet|m1140869370	0.00035290365051680026
ditropan 2.5mg tablet|m1140869492	0.00022056478157300016
cyclophosphamide|m1140869604	0.00014930539060326164
efudix cream|m1140869778	0.0001662719122627232
mercaptopurine|m1140869842	0.0001662719122627232
methotrexate|m1140869848	0.007760487007037713
azathioprine|m1140869930	0.0032134592023020177
tamoxifen|m1140870164	0.00464204032602868
goserelin|m1140870194	0.00014930539060326164
zoladex 3.6mg implant|m1140870196	0.0008109997353222621
prostap sr 3.75mg injection (pdr for recon)+diluent+kit|m1140870284	0.00018323843392218473
ferrograd 325mg filmtab|m1140870296	0.00021377817290921554
iron+folic acid|m1140870306	0.0006718742577146774
ferrous sulphate|m1140870390	0.007998018310270175
ferrous gluc+folic acid+ascorbic acid 250mg/5mg/10mg tablet|m1140870410	7.804599963352314e-05
folic acid product|m1140870422	0.012263401855458808
folicin tablet|m1140870486	0.00011537234728433854
forceval capsule|m1140870488	0.00048184921512870805
hydroxocobalamin product|m1140870504	0.000339330433189231
cobalin-h 1mg/1ml injection|m1140870508	8.822591262920007e-05
cyanocobalamin product|m1140870512	0.00041737643282275416
cytamen 1mg/1ml injection|m1140870520	0.00010519243428866161
sando-k effervescent tablet|m1140870554	0.0001017991299567693
slow-k 600mg m/r tablet|m1140870556	0.00021038486857732322
vitamin b12 preparation|m1140870570	0.00442147554445568
calcium salts|m1140870788	0.00847647422106699
sandocal 400 effervescent tablet|m1140870800	0.00025110452056003094
vitamin a product|m1140870852	0.0001594853035989386
calcichew 1.25g chewable tablet|m1140870856	0.0031455931156641713
calcichew forte 2.5g chewable tablet|m1140870862	0.0014726940800412625
ascorbic acid product|m1140870932	0.000295217476874631
redoxon 25mg tablet|m1140870946	7.465269530163082e-05
vitamin d product|m1140870954	0.003841220503702095
alfacalcidol|m1140870956	0.0013539284284250317
one-alpha 250nanograms capsule|m1140870958	0.00016287860793083087
vitamin b compound tablet|m1140871024	0.009789682997509314
calcichew d3 tablet|m1140871050	0.01430617106325798
calcium carbonate+cholecalciferol 1.25g/5micrograms tablet|m1140871052	0.0006141880840725082
vitamin e product|m1140871112	0.004974584150554126
vitamin k product|m1140871138	0.00024771121622813865
vitamins capsule bpc|m1140871162	8.143930396541544e-05
voltarol 25mg e/c tablet|m1140871168	0.0016016396446531704
voltarol 100mg suppository|m1140871174	8.822591262920007e-05
rhumalgan 25mg e/c tablet|m1140871180	0.0002714643465513848
etodolac|m1140871188	0.0010621042558822931
lodine 200mg tablet|m1140871196	0.0006379412143957543
flurbiprofen|m1140871236	0.0001017991299567693
arthrotec tablet|m1140871266	0.00210045538144134
ibuprofen|m1140871310	0.1674188491269028
indomethacin|m1140871336	0.0008076064309903698
brufen 200mg tablet|m1140871374	0.0002544978248919233
cuprofen 200mg tablet|m1140871388	0.00012555226028001547
naproxen|m1140871462	0.009168708304773022
naprosyn 250mg tablet|m1140871472	0.0009636984302574161
ketoprofen|m1140871506	0.0004241630414865388
mefenamic acid|m1140871542	0.0014251878193947702
ponstan 250mg capsule|m1140871546	0.0002002049555816463
piroxicam|m1140871666	0.0005056023454519542
tylex capsule|m1140871680	0.0006549077360552158
solpadol effervescent tablet|m1140871682	0.0002341379989005694
remedeine tablet|m1140871684	0.00015609199926704627
remedeine forte tablet|m1140871686	8.822591262920007e-05
solpadol caplet|m1140871688	0.00111639712519257
morphine|m1140871692	0.0008177863439860467
sevredol 10mg tablet|m1140871700	8.143930396541544e-05
buprenorphine|m1140871732	0.00098405825624877
temgesic 200mcg sublingual tablet|m1140871734	0.00011537234728433854
mst continus 10mg m/r tablet|m1140871776	0.00011537234728433854
mst continus 30mg m/r tablet|m1140871780	0.00014930539060326164
dhc continus 60mg m/r tablet|m1140871920	8.143930396541544e-05
dixarit 25mcg tablet|m1140871984	0.0003427237375211233
clonidine hydrochloride 25micrograms tablet|m1140871986	0.0002714643465513848
sanomigran 500micrograms tablet|m1140871996	0.00022735139023678477
migraleve duopack tablet|m1140872026	0.0001662719122627232
paramax tablet|m1140872036	0.0004580960848054619
migril tablet|m1140872058	0.00031557730286598483
carbamazepine product|m1140872064	0.00012555226028001547
tegretol 100mg tablet|m1140872072	0.003210065897970125
epanutin 25mg capsule|m1140872112	0.0009670917345893083
primidone|m1140872132	0.000196811651249754
mysoline 250mg tablet|m1140872134	0.00018323843392218473
clonazepam|m1140872150	0.001038351125559047
rivotril 500mcg tablet|m1140872152	8.483260829730775e-05
sodium valproate|m1140872198	0.001445547645386124
epilim 100mg crushable tablet|m1140872200	0.002375313032324617
valproic acid|m1140872214	0.00015269869493515396
gabapentin|m1140872228	0.006969847097706805
neurontin 100mg capsule|m1140872236	0.00012215895594812316
lamotrigine|m1140872290	0.0017407651222607551
lamictal 25mg tablet|m1140872302	0.00024092460756435402
madopar 62.5 capsule|m1140872338	0.0004139831284908618
sinemet-ls tablet|m1140872420	0.00022735139023678477
half-sinemet cr m/r tablet|m1140872434	0.0001323388689438001
disulfiram|m1140872480	0.0001391254776075847
nicotine product|m1140872492	0.0005293554757752004
phenoxymethylpenicillin|m1140872590	0.0003291505201935541
amoxycillin|m1140872646	0.00015269869493515396
flucloxacillin|m1140872694	0.0005056023454519542
augmentin 375mg tablet|m1140872798	7.465269530163082e-05
cephalexin|m1140873288	0.00019341834691786168
doxycycline|m1140873394	0.0012860623417871855
tetracycline|m1140873450	0.0003291505201935541
lymecycline|m1140873474	0.0006481211273914313
tetralysal 300 capsule|m1140873476	0.000525962171443308
minocycline|m1140873480	0.0005565019104303388
oxytetracycline|m1140873548	0.0038853334600166952
erythromycin|m1140873608	0.001038351125559047
clarithromycin|m1140873634	0.0003189706071978772
azithromycin|m1140873642	0.0003800500851719387
clindamycin|m1140873650	0.0001357321732756924
co-trimoxazole|m1140873780	0.00028164425954706174
trimethoprim|m1140873966	0.0014150079063990934
metronidazole|m1140874014	0.0005089956497838466
dapsone|m1140874104	0.0001662719122627232
nitrofurantoin|m1140874126	0.0008245729526498314
ciprofloxacin|m1140874138	0.0005598952147622311
macrodantin 50mg capsule|m1140874190	7.465269530163082e-05
fluconazole|m1140874272	0.00017984512959029245
itraconazole|m1140874302	0.00014591208627136933
ketoconazole|m1140874336	0.00012215895594812316
miconazole|m1140874346	8.143930396541544e-05
nystatin|m1140874360	9.161921696109237e-05
aciclovir|m1140874370	0.0011299703425201393
quinine|m1140874420	0.009806649519168776
chloroquine|m1140874482	9.8405825624877e-05
glipizide|m1140874646	0.0002544978248919233
tolbutamide|m1140874674	0.00014591208627136933
glucophage 500mg tablet|m1140874686	0.0014048279934034164
glibenclamide|m1140874718	0.0003732634765081541
gliclazide|m1140874744	0.01380735532646981
diamicron 80mg tablet|m1140874746	0.0002069915642454309
betamethasone|m1140874790	0.00223279425038514
betnesol 500mcg soluble tablet|m1140874794	0.0001357321732756924
dexamethasone|m1140874816	0.0003630835635124772
thyroxine sodium|m1140874852	0.003875153547021018
carbimazole|m1140874866	0.0011333636468520317
hydrocortisone|m1140874896	0.0025314050315916633
prednisolone|m1140874930	0.008486654134062667
methylprednisolone|m1140874976	7.125939096973851e-05
nabumetone|m1140875336	0.0006379412143957543
plaquenil 200mg tablet|m1140875392	0.0006583010403871082
allopurinol|m1140875408	0.01622678131510903
baclofen|m1140875420	0.0016219994706445243
methocarbamol|m1140875452	0.0002035982599135386
colchicine|m1140875486	0.0007499202573482005
ibuleve gel|m1140875540	0.00011876565161623085
piroxicam 0.5% gel|m1140875546	0.0001594853035989386
chloramphenicol 1% eye ointment|m1140875566	0.0001017991299567693
algesal cream|m1140875596	0.0002069915642454309
ibugel gel|m1140875616	0.00014591208627136933
difflam cream|m1140875620	7.804599963352314e-05
movelat cream|m1140875630	0.0003189706071978772
movelat gel|m1140875632	0.0005089956497838466
traxam gel|m1140875640	0.00011537234728433854
ketoprofen 2.5% gel|m1140875642	0.00017645182525840013
minims prednisolone 0.5% single-use eye drops|m1140875684	0.00015269869493515396
lodoxamide|m1140875696	7.465269530163082e-05
fucithalmic m/r eye drops|m1140875736	9.501252129298468e-05
fluorometholone|m1140875766	7.125939096973851e-05
pilocarpine|m1140875816	0.00024092460756435402
timolol 0.25% eye drops|m1140875840	0.0010485310385547238
acetazolamide|m1140875868	8.143930396541544e-05
locorten-vioform ear drops|m1140875974	0.00011537234728433854
hypromellose|m1140875990	0.0025314050315916633
polyvinyl alcohol 1% eye drops|m1140876006	0.00025110452056003094
simple eye ointment|m1140876026	0.0001017991299567693
syntaris 25micrograms nasal spray|m1140876052	0.00018663173825407705
flixonase 50micrograms aqueous nasal spray|m1140876076	0.0055853789302947425
sudafed 0.05% nasal spray|m1140876088	0.00012555226028001547
otrivine 0.1% nasal drops|m1140876098	0.00022735139023678477
beconase 50micrograms nasal spray|m1140876136	0.008914210479881099
rhinocort 50micrograms nasal spray|m1140876146	0.0005089956497838466
flunisolide|m1140876154	0.0001391254776075847
adcortyl in orabase oral paste|m1140876240	0.0001017991299567693
emulsifying ointment bp|m1140876312	0.0002341379989005694
glandosane plain spray|m1140876384	0.0003020040855384156
salivix pastille|m1140876394	0.00014251878193947701
aqueous cream bp|m1140876404	0.0012894556461190778
cocois ointment|m1140876424	0.0001662719122627232
ergocalciferol product|m1140876588	0.00012555226028001547
multivitamin+mineral preparations|m1140876592	0.018211864349266027
halibut-liver oil capsule|m1140877600	0.0001391254776075847
vitamin c+a+d tablet|m1140877612	0.00011197904295244624
calcium+ergocalciferol tablet|m1140877630	0.0006956273880379236
sodium bicarbonate|m1140877826	0.0004038032154951849
voltaren retard 100mg m/r tablet|m1140877872	0.0002035982599135386
transvasin cream|m1140877890	8.822591262920007e-05
voltarol emulgel|m1140877892	0.0007567068660119851
teoptic 1% eye drops|m1140877988	0.00025110452056003094
ibuprofen+codeine phosphate|m1140878030	7.804599963352314e-05
diclofenac sodium+misoprostol|m1140878036	0.0010044180822401238
otrivine-antistin eye drops|m1140878048	0.00010519243428866161
fml eye drops|m1140878052	9.501252129298468e-05
betagan eye drops|m1140878098	0.0002035982599135386
hypotonic artificial tears eye drops|m1140878170	7.804599963352314e-05
tears naturale eye drops|m1140878172	0.0004139831284908618
sno-tears eye drops|m1140878184	0.0003189706071978772
liquifilm tears 1.4% eye drops|m1140878186	0.0006040081710768311
minims artificial tears single-use eye drops|m1140878190	0.0002782509552151694
diprobase cream|m1140878226	0.0023176268586824478
calmurid cream|m1140878236	0.0002341379989005694
balneum bath oil|m1140878244	0.00014930539060326164
balneum plus bath oil|m1140878246	8.143930396541544e-05
oilatum emollient bath additive|m1140878248	0.00026128443355570786
eurax cream|m1140878266	7.804599963352314e-05
diprobase ointment|m1140878286	0.0002375313032324617
e45 cream|m1140878304	0.0010756774732098623
aveeno cream|m1140878308	0.0002002049555816463
oilatum cream|m1140878324	0.0005700751277579081
hydromol cream|m1140878328	0.0002002049555816463
sudocrem cream|m1140878330	0.00011197904295244624
alphosyl cream|m1140878346	0.00012555226028001547
dovonex 50micrograms/g ointment|m1140878378	0.0003020040855384156
alphosyl hc cream|m1140878418	0.00011537234728433854
polytar liquid|m1140878498	0.0003087906942022002
capasal shampoo|m1140878512	0.0003630835635124772
canesten 1% cream|m1140878530	0.00035629695484869255
trosyl nail solution|m1140878672	7.804599963352314e-05
loceryl nail lacquer|m1140878676	0.0001391254776075847
corsodyl original mouthwash|m1140878734	0.0001391254776075847
manevac granules|m1140879392	0.00048184921512870805
docusate sodium|m1140879404	0.0012623092114639393
ranitidine|m1140879406	0.023888862496521862
alverine|m1140879424	0.0008720792132963237
mebeverine|m1140879428	0.007044499793008436
domperidone|m1140879430	0.0029895011163971253
loperamide|m1140879464	0.004798132325295726
laxative|m1140879476	9.8405825624877e-05
antacid tablet|m1140879482	0.0002035982599135386
metoclopramide|m1140879494	0.0017373718179288628
olsalazine|m1140879502	0.00017645182525840013
fluoxetine|m1140879540	0.01633536705372958
fluvoxamine|m1140879544	9.501252129298468e-05
amitriptyline|m1140879616	0.027706329869900712
clomipramine|m1140879620	0.0009060122566152468
dothiepin|m1140879628	0.0005157822584476311
imipramine|m1140879630	0.0007261671270249544
trazodone|m1140879634	0.001971509816829432
amantadine|m1140879644	0.0004038032154951849
chlorpromazine|m1140879658	0.0005123889541157388
selegiline|m1140879668	0.0002680710422194925
buspirone|m1140879730	0.00021377817290921554
promazine|m1140879746	0.00010519243428866161
betaxolol|m1140879758	9.501252129298468e-05
bisoprolol|m1140879760	0.022100591113614617
celiprolol|m1140879762	0.00037665678084004644
alfuzosin|m1140879774	0.003264358767280402
doxazosin|m1140879778	0.017051354267758858
indoramin|m1140879782	0.0003596902591805849
terbutaline|m1140879792	0.0020665223381224167
prazosin|m1140879794	0.0001696652165946155
terazosin|m1140879798	0.0005089956497838466
amlodipine|m1140879802	0.061496854406884335
diltiazem|m1140879806	0.0030573672030349713
nicardipine|m1140879810	0.0001696652165946155
metoprolol|m1140879818	0.0029250283340911715
carteolol|m1140879822	9.8405825624877e-05
labetalol|m1140879824	0.0002069915642454309
levobunolol|m1140879826	0.00019002504258596936
propranolol|m1140879842	0.009307833782380606
sotalol|m1140879854	0.0022803005110316322
timolol|m1140879866	0.001126577038188247
coal tar product|m1140879902	8.483260829730775e-05
gamolenic acid|m1140880072	0.00042076973715464644
calcipotriol|m1140880086	0.0008652926046325391
acitretin|m1140880090	0.0001594853035989386
neotigason 10mg capsule|m1140880092	0.00016287860793083087
zineryt topical solution|m1140880140	0.0001017991299567693
dianette tablet|m1140880234	0.0001696652165946155
ketoconazole 2% shampoo|m1140880264	0.0002375313032324617
clotrimazole|m1140880288	0.0003427237375211233
tioconazole|m1140880460	7.804599963352314e-05
metrogel 0.75% gel|m1140880462	0.00026128443355570786
amorolfine|m1140880466	0.00018663173825407705
hirudoid cream|m1140880726	8.143930396541544e-05
fentanyl|m1140880956	0.0003630835635124772
meptazinol|m1140881026	0.00014591208627136933
co-magaldrox|m1140881318	8.822591262920007e-05
magnesium carbonate|m1140881320	0.00042076973715464644
magnesium hydroxide|m1140881330	0.00010519243428866161
co-phenotrope|m1140881334	0.0001594853035989386
gastrocote liquid|m1140881414	0.00028164425954706174
asilone liquid|m1140881422	7.125939096973851e-05
anusol hc ointment|m1140881442	0.00014930539060326164
proctofoam hc foam|m1140881444	7.125939096973851e-05
proctosedyl ointment|m1140881446	0.0005768617364216927
scheriproct ointment|m1140881448	0.00018323843392218473
xyloproct ointment|m1140881454	0.0001391254776075847
lacri-lube eye ointment|m1140881472	0.002134388424760263
normacol granules|m1140881474	0.0006175813884044004
co-danthramer|m1140881622	9.161921696109237e-05
adalate 10mg capsule|m1140881702	0.0011469368641796008
zocor 10mg tablet|m1140881748	0.00014930539060326164
salbutamol|m1140881856	0.01710225383273724
timoptol 0.25% eye drops|m1140881882	0.0008245729526498314
betoptic 0.5% eye drops|m1140881890	0.00014591208627136933
becodisks 100micrograms disks+diskhaler|m1140881922	0.00014251878193947701
beclomethasone dipropionate+salbutamol|m1140881938	0.0002714643465513848
ilube eye drops|m1140882072	8.822591262920007e-05
promethazine product|m1140882082	0.0002443179118962463
hyoscine|m1140882104	0.00015269869493515396
co-beneldopa|m1140882110	0.0001391254776075847
co-careldopa|m1140882112	0.000339330433189231
morphine sulphate+atropine sulphate|m1140882116	0.00011876565161623085
pseudoephedrine|m1140882142	0.000196811651249754
rynacrom 2% nasal drops|m1140882160	0.00010519243428866161
seroxat 20mg tablet|m1140882236	0.0017339785135969705
oramorph 10mg/5ml oral solution|m1140882272	0.0003698701721762618
oramorph 100mg/5ml concentrated oral solution|m1140882274	7.465269530163082e-05
co-amoxiclav|m1140882374	0.0003087906942022002
paracetamol + codeine|m1140882394	0.0011299703425201393
paracetamol+dihydrocodeine tartrate|m1140882396	0.00012215895594812316
daktarin 2% cream|m1140882464	0.0001594853035989386
lamisil 250mg tablet|m1140882472	8.822591262920007e-05
lamisil 1% cream|m1140882474	7.804599963352314e-05
zovirax 5% cream|m1140882478	8.822591262920007e-05
penicillin|m1140882498	0.000875472517628216
chloramphenicol 0.25% eye drops|m1140882538	8.143930396541544e-05
fucidin cream|m1140882542	0.0002443179118962463
diprosalic ointment|m1140882618	0.000580255040753585
betnesol 0.1% eye/ear/nose drops|m1140882626	0.0004343429544822157
diprosone cream|m1140882630	0.00010858573862055393
betnovate cream|m1140882694	0.004584354152386511
maxitrol eye drops|m1140882718	0.00010519243428866161
maxidex eye drops|m1140882722	0.00034611704185301563
sofradex eye/ear drops|m1140882724	7.465269530163082e-05
otomize ear spray|m1140882728	0.0006481211273914313
colifoam 10% foam|m1140882730	0.00011197904295244624
efcortelan 0.5% cream|m1140882742	0.00014930539060326164
timodine cream|m1140882756	0.00025110452056003094
fucibet cream|m1140882776	0.0006956273880379236
lotriderm cream|m1140882778	9.161921696109237e-05
dermovate cream|m1140882782	0.0020359825991353863
eumovate cream|m1140882800	0.0014353677323904472
alphaderm cream|m1140882818	8.483260829730775e-05
otosporin ear drops|m1140882832	7.125939096973851e-05
locoid 0.1% cream|m1140882852	0.00023074469456867708
canesten hc cream|m1140882904	0.00010858573862055393
hydrocortisone+clotrimazole|m1140882906	8.483260829730775e-05
hydrocortisone+miconazole|m1140882908	0.00012555226028001547
daktacort cream|m1140882910	0.0008924390392876776
livial 2.5mg tablet|m1140882946	0.0018391709478856322
growth hormone product|m1140882976	9.161921696109237e-05
ortho-dienoestrol 0.01% cream|m1140883014	0.00012215895594812316
predsol 0.5% eye/ear drops|m1140883028	0.0001662719122627232
pred forte 1% eye drops|m1140883030	0.0002002049555816463
tri-adcortyl cream|m1140883044	8.143930396541544e-05
insulin product|m1140883066	0.01558544679638138
combined oral contraceptive product|m1140883162	0.00016287860793083087
clonidine|m1140883468	0.0018188111218942781
procyclidine|m1140883476	0.0005836483450854773
pyridostigmine|m1140883478	0.00024771121622813865
propantheline|m1140883480	0.00011876565161623085
atropine|m1140883494	7.465269530163082e-05
azelastine|m1140883500	0.0002646777378876002
cetirizine|m1140883504	0.016060509402846302
chlorpheniramine|m1140883520	0.0003359371288573387
cinnarizine|m1140883524	0.0007634934746757698
ipratropium|m1140883548	0.0018391709478856322
orphenadrine|m1140883560	7.804599963352314e-05
oxybutynin|m1140883568	0.0033016851149312177
diphenhydramine product|m1140883600	8.822591262920007e-05
hydroxyzine|m1140883656	0.00046148938913735416
pizotifen|m1140883664	0.002080095555449986
nedocromil|m1140883706	0.0003291505201935541
selenium product|m1140883748	0.0041025049372578025
polytar af liquid|m1140883828	7.125939096973851e-05
carmellose|m1140883968	0.000634547910063862
gentisone hc ear drops|m1140884074	0.00012215895594812316
hydroxychloroquine|m1140884308	0.0021208152074326937
pethidine|m1140884388	7.125939096973851e-05
benzydamine|m1140884396	0.0001391254776075847
sumatriptan|m1140884412	0.0035935092874739565
codeine|m1140884444	0.007753700398373929
dihydrocodeine|m1140884464	0.005239261888441727
methadone|m1140884482	0.0001357321732756924
diclofenac|m1140884488	0.03036328716177239
felbinac|m1140884498	0.0001017991299567693
liothyronine|m1140884512	0.00032575721586166175
thyroxine product|m1140884516	0.016182668358794425
nefopam|m1140884560	0.00035629695484869255
metformin|m1140884600	0.04035656841919524
oestrogen product|m1140884622	0.000580255040753585
cyproterone|m1140884634	0.00012894556461190778
nerisone 0.1% cream|m1140884640	7.804599963352314e-05
beclomethasone|m1140884654	0.005561625799971496
fludrocortisone|m1140884672	0.0005666818234260158
clobetasone|m1140884696	0.00045130947614167725
trimovate ointment|m1140884700	0.0007974265179946929
cortisone product|m1140884704	0.00014930539060326164
clobetasol|m1140888074	0.00034611704185301563
elocon cream|m1140888092	0.0008788658219601083
fluticasone|m1140888098	0.006406558578612682
eczederm+hydrocortisone cream|m1140888134	8.143930396541544e-05
metosyn 0.05% cream|m1140888142	0.00011537234728433854
mometasone|m1140888172	0.002833409117130079
mometasone furoate 0.1% ointment|m1140888176	0.00032575721586166175
mometasone furoate 0.1% lotion|m1140888184	0.00022395808590489248
warfarin|m1140888266	0.014838919843365071
pyridoxine preparation|m1140888362	0.00042755634581843107
thiamine preparation|m1140888366	0.0021276018160964784
iron product|m1140888386	0.004190730849887003
ferrous salt product|m1140888390	0.0005463219974346619
potassium product|m1140888432	0.0002714643465513848
glucose product|m1140888438	0.0002782509552151694
propafenone|m1140888482	0.0001391254776075847
amiodarone|m1140888502	0.0012317694724769085
verapamil|m1140888510	0.002528011727259771
amiloride|m1140888512	0.0005225688671114157
zinc product|m1140888538	0.008832771175915683
enalapril|m1140888552	0.010807674297077007
fosinopril|m1140888556	0.0006684809533827851
perindopril|m1140888560	0.020529491207948475
flecainide|m1140888570	0.00232102016301434
antihypertensive|m1140888578	0.0003291505201935541
fluvastatin|m1140888594	0.0006616943447190005
hydrocortistab 1% cream|m1140888628	7.465269530163082e-05
emollient product|m1140888644	9.501252129298468e-05
felodipine|m1140888646	0.011968184378584178
pravastatin|m1140888648	0.007244704748590082
naftidrofuryl|m1140888676	0.00019002504258596936
hydralazine|m1140888686	0.00014930539060326164
betahistine|m1140888688	0.004309496501503234
penicillin v|m1140888758	0.0007329537356887389
ismn - isosorbide mononitrate|m1140888762	0.0008652926046325391
epinephrine|m1140888770	0.0001391254776075847
motifene 75mg e/c+m/r capsule|m1140909354	0.00024771121622813865
carvedilol|m1140909368	0.0010315645168952623
opticrom allergy eye drops|m1140909482	0.0008551126916368621
losec 10mg capsule|m1140909578	0.0010858573862055393
cod liver oil capsule|m1140909674	0.07541958208063848
sulfasalazine|m1140909702	0.002684103726526817
sodium picosulfate|m1140909704	8.483260829730775e-05
chlortalidone|m1140909706	0.00012894556461190778
furosemide|m1140909708	0.011160577947593809
vitamin c product|m1140909726	0.01641001974903121
multivitamins capsule|m1140909766	0.0010315645168952623
colestyramine|m1140909780	0.00028164425954706174
beclometasone|m1140909786	0.0128402635918805
sodium cromoglicate|m1140909788	0.0011469368641796008
chlorphenamine|m1140909790	0.0008279662569817236
flupentixol|m1140909800	0.0001662719122627232
dosulepin|m1140909806	0.0049847640635498035
trihexyphenidyl|m1140909816	0.0002035982599135386
ciclosporin|m1140909844	0.00019002504258596936
vitamin b1 preparation|m1140909872	0.0005429286931027697
vitamin b6 preparation|m1140909874	0.0015269869493515396
calciferol|m1140909876	0.00016287860793083087
vitamin d2|m1140909878	7.804599963352314e-05
sulfinpyrazone|m1140909890	7.804599963352314e-05
indometacin|m1140909936	0.0008924390392876776
acyclovir|m1140909954	0.00042076973715464644
mtx - methotrexate|m1140910036	0.00011537234728433854
feso4 - ferrous sulphate|m1140910436	7.465269530163082e-05
bzt - bendrofluazide|m1140910442	0.00016287860793083087
b12 - hydroxocobalamin prep|m1140910494	0.0011537234728433855
flu - influenza vaccine|m1140910498	0.00048184921512870805
ismo - isosorbide mononitrate|m1140910512	0.0004988157367881695
iron sulphate|m1140910548	0.0006040081710768311
glyclizide|m1140910566	0.0001662719122627232
luteine|m1140910640	0.00098405825624877
niacin|m1140910670	0.0001391254776075847
oil of peppermint|m1140910698	0.00042755634581843107
phenobarbital|m1140910706	0.0003291505201935541
cromoglycate|m1140910730	9.501252129298468e-05
glycerol suppository|m1140910750	0.00014930539060326164
nicorandil|m1140910766	0.004838851977278434
ikorel 10mg tablet|m1140910772	0.00010519243428866161
sodium thyroxine|m1140910814	0.0006515144317233235
ursodesoxycholic acid|m1140910824	0.00012894556461190778
sodium warfarin|m1140910832	0.0012080163421536623
dovonex scalp solution|m1140910884	0.0002748576508832771
kalms tablet|m1140911636	0.00031557730286598483
kelp+garlic product|m1140911638	0.000743133648684416
lecithin product|m1140911640	0.0007363470400206313
tacrolimus|m1140911642	0.0006718742577146774
imigran 50mg tablet|m1140911658	0.0021411750334240478
starflower oil|m1140911680	0.00205634242512674
selenium ace tablet|m1140911682	0.0017305852092650781
slozem 120mg m/r capsule|m1140911698	0.0005123889541157388
estring 2mg(7.5micrograms/24hours) vaginal ring|m1140911708	9.161921696109237e-05
beta-carotene product|m1140911728	0.0001696652165946155
flax oil tablet|m1140911730	0.0021242085117645863
garlic product|m1140911732	0.017601069569525413
ginkgo forte tablet|m1140911734	0.007519562399473359
ginseng product|m1140911736	0.0019138236431872628
ibuprofen+menthol 5%/3% gel|m1140911748	0.00012555226028001547
deep relief ibuprofen gel|m1140911750	0.00032236391152976946
anadin tablet|m1140911754	0.0009636984302574161
hedex tablet|m1140911758	7.465269530163082e-05
lemsip sachet|m1140911762	8.483260829730775e-05
durogesic 25micrograms/hour patch|m1140911830	9.161921696109237e-05
menophase tablet|m1140912212	0.0003698701721762618
b12 - cyanocobalamin prep|m1140912228	0.00031218399853409254
synalar 1:10 cream|m1140913292	0.00034611704185301563
liquid paraffin+white soft paraffin 50%/50% ointment|m1140916270	7.804599963352314e-05
venlafaxine|m1140916282	0.00575843745122125
efexor 37.5mg tablet|m1140916288	0.0006820541707103544
beta-blocker|m1140916342	0.00014591208627136933
losartan|m1140916356	0.013267819937698933
rozex 0.75% gel|m1140916608	8.143930396541544e-05
evening primrose oil|m1140916682	0.020441265295319276
evorel 25 patch|m1140916790	0.002164928163747294
valaciclovir|m1140916890	8.822591262920007e-05
nizoral 20mg/ml shampoo|m1140916950	0.0001696652165946155
zantac 75 tablet|m1140916980	0.0007329537356887389
airomir 100micrograms cfc-free inhaler|m1140917034	0.0006616943447190005
kliofem tablet|m1140917056	0.0010621042558822931
imedeen tablet|m1140917128	0.00014251878193947701
bicalutamide|m1140917306	0.0002748576508832771
casodex 50mg tablet|m1140917310	0.00017645182525840013
diclomax sr 75mg m/r capsule|m1140917394	0.00028843086821084637
angitil sr 90 m/r capsule|m1140917428	0.000492029128124385
rapitil 2% eye drops|m1140917432	0.00019002504258596936
oestradiol 1.25g/dose gel|m1140917448	8.822591262920007e-05
oestrogel 1.25g gel|m1140917450	0.0002646777378876002
betacap scalp application|m1140921024	0.00017305852092650782
tridestra tablet|m1140921088	0.00028164425954706174
citalopram|m1140921600	0.024173900060400818
mirena 52mg intrauterine system|m1140921814	0.002307446945686771
mirena 20mcg/24hrs intrauterine system|m1140921822	0.00205634242512674
dicloflex 25mg e/c tablet|m1140921828	0.0017543383395883243
powergel 2.5% gel|m1140921844	7.465269530163082e-05
diethylamine salicylate 10% cream bp|m1140921938	0.0001594853035989386
alendronate sodium|m1140922174	0.016654337660927457
femoston 1/10 tablet|m1140922562	0.002114028598768909
zydol sr 100mg m/r tablet|m1140922636	7.465269530163082e-05
dorzolamide|m1140922714	0.0003800500851719387
trusopt 2% ophthalmic solution|m1140922718	0.0002544978248919233
premique 0.625mg/5mg tablet|m1140922804	0.0025110452056003093
premique cycle 10mg tablet|m1140922806	0.0005056023454519542
anastrozole|m1140923018	0.0013166020807742164
arimidex 1mg tablet|m1140923022	0.002561944770578694
co-amilozide|m1140923276	0.000821179648317939
co-tenidone|m1140923336	0.0020393759034672784
co-codamol|m1140923346	0.034645637228620484
co-proxamol|m1140923348	0.0012012297334898778
co-dydramol|m1140923350	0.009423206129664945
co-amilofruse|m1140923402	0.0014387610367223396
topiramate|m1140923484	0.0007906399093309083
adipine mr 10 m/r tablet|m1140923572	0.0004954224324562773
fematrix 40 patch|m1140923598	0.00017645182525840013
gtn - glyceryl trinitrate|m1140923670	0.002592484509565725
zoton 15mg capsule|m1140923688	0.000973878343253093
curatoderm 4micrograms/g ointment|m1140923732	7.125939096973851e-05
femseven 50 patch|m1140923738	0.0005632885190941235
monomax sr 40 m/r capsule|m1140923788	0.00018663173825407705
elleste-solo 1mg tablet|m1140923852	0.0024465724232943555
volsaid retard 75mg m/r tablet|m1140923920	0.00025110452056003094
paracodol capsule|m1140925778	0.00016287860793083087
movicol oral powder|m1140925800	0.0045945340653821875
aceclofenac|m1140925806	0.00017305852092650782
mycophenolate|m1140925978	0.0006379412143957543
cellcept 250mg capsule|m1140925986	0.00011537234728433854
climesse tablet|m1140926430	0.0004988157367881695
estraderm mx 25 patch|m1140926592	0.0021411750334240478
salbutamol 100micrograms spacehaler|m1140926606	0.008954930131863806
meloxicam|m1140926732	0.004150011197904295
diltiazem hcl+hydrochlorothiazide 150mg/12.5mg m/r capsule|m1140926778	0.00024771121622813865
adizem-xl plus m/r capsule|m1140926780	0.0010926439948693238
mobic 7.5mg tablet|m1140926794	8.822591262920007e-05
mobic 15mg tablet|m1140926796	0.00012555226028001547
antihistamine 60mg tablet|m1140926922	0.0009603051259255238
tamsulosin|m1140926934	0.01217517594282961
flomax mr 400micrograms m/r capsule|m1140926940	0.0006107947797406158
acamprosate calcium|m1140926990	0.0001323388689438001
arthrotec 50 tablet|m1140927086	0.0012317694724769085
dermol 500 lotion|m1140927320	0.00041737643282275416
terbinafine|m1140927328	0.0025755179879062636
topamax 25mg tablet|m1140927692	0.000196811651249754
epaderm ointment|m1140927730	0.0008788658219601083
zimovane ls 3.75mg tablet|m1140928004	0.0004784559107968157
lamivudine|m1140928142	0.00017984512959029245
plendil 2.5mg m/r tablet|m1140928212	0.0002375313032324617
andropatch 2.5mg/24hours transdermal patch|m1140928222	7.804599963352314e-05
ropinirole|m1140928274	0.0009636984302574161
moxonidine|m1140928284	0.0012724891244596164
requip 0.25mg tablet|m1140928338	0.00016287860793083087
ritonavir|m1140928384	0.00025789112922381557
zamadol 50mg capsule|m1140928742	9.161921696109237e-05
zumenon 1mg tablet|m1140928878	0.00045130947614167725
geltears gel|m1140928880	0.0002002049555816463
olanzapine|m1140928916	0.0017102253832737243
pantoprazole|m1140929012	0.002623024248552756
nitromin 400micrograms cfc-free spray|m1141145630	0.0004071965198270772
nasobec aqueous 50micrograms nasal spray|m1141145638	0.0005836483450854773
valsartan|m1141145660	0.00687483457641382
diovan 40mg capsule|m1141145668	0.001445547645386124
alphosyl shampoo|m1141145710	9.501252129298468e-05
minerals - magnesium|m1141145812	0.002887701986440356
cacit d3 granules|m1141145880	0.00018663173825407705
letrozole|m1141145896	0.0009026189522833545
femara 2.5mg tablet|m1141145900	0.0003020040855384156
atenolol+bendrofluazide|m1141146126	8.483260829730775e-05
lipitor 10mg tablet|m1141146138	0.010536209950525623
latanoprost|m1141146188	0.002867342160449002
xalatan 0.005% eye drops|m1141146198	0.0040685718939388795
atorvastatin|m1141146234	0.044296194748522214
natrilix sr 1.5mg m/r tablet|m1141146378	0.00028843086821084637
balneum plus cream|m1141146426	7.804599963352314e-05
fexofenadine|m1141146428	0.004499521544089203
nasacort 55micrograms aqueous nasal spray|m1141146508	0.0005836483450854773
calcium carbonate+cholecalciferol 1.25g/200iu tablet|m1141146606	0.0024363925102986786
calceos chewable tablet|m1141146612	0.0007906399093309083
zolmitriptan|m1141150620	0.001214802950817447
zomig 2.5mg tablet|m1141150624	0.0012181962551493393
brimonidine tartrate|m1141150750	0.000393623302499508
alphagan 0.2% eye drops|m1141150754	0.0003053973898703079
aricept 5mg tablet|m1141150840	7.125939096973851e-05
maxolon 5mg tablet|m1141150866	9.161921696109237e-05
nasonex 0.05% aqueous nasal spray|m1141150944	0.007075039531995467
losartan potassium+hydrochlorothiazide 50mg/12.5mg tablet|m1141151016	0.0011740832988347393
cozaar-comp 50mg/12.5mg tablet|m1141151018	0.0003630835635124772
naratriptan|m1141151284	0.0009806649519168776
naramig 2.5mg tablet|m1141151288	0.0008992256479514621
sandrena 0.5mg gel|m1141151368	0.0002748576508832771
viazem xl 120mg m/r capsule|m1141151474	0.00024092460756435402
evorel conti patch|m1141151718	0.001598246340321278
cipramil 10mg tablet|m1141151946	0.0004648826934692465
reboxetine|m1141151978	0.0001357321732756924
rinatec 0.03% aqueous nasal spray|m1141152098	0.0002069915642454309
elleste-solo mx 40 patch|m1141152228	0.00021038486857732322
glimepiride|m1141152590	0.001401434689071524
mirtazapine|m1141152732	0.003990525894305356
zispin 30mg tablet|m1141152736	0.0002035982599135386
quetiapine|m1141152848	0.0008822591262920007
seroquel 25mg tablet|m1141152860	0.00019002504258596936
caverject 5micrograms injection (pdr for recon)+diluent|m1141152912	0.0001391254776075847
zomorph 10mg m/r capsule|m1141152986	9.8405825624877e-05
irbesartan|m1141152998	0.010858573862055392
aprovel 75mg tablet|m1141153006	0.0013064221677785393
lercanidipine|m1141153026	0.0034543838098663716
zanidip 10mg tablet|m1141153032	0.0006141880840725082
nytol 25mg caplet|m1141153080	0.00010519243428866161
asmasal 100micrograms spacehaler|m1141153172	0.0002069915642454309
tizanidine|m1141153186	0.00017645182525840013
oxis 6micrograms turbohaler|m1141153236	0.00026128443355570786
balsalazide disodium|m1141153242	0.0004241630414865388
colazide 750mg capsule|m1141153248	0.0002002049555816463
asmabec 50micrograms spacehaler|m1141153270	0.0001594853035989386
malarone tablet|m1141153410	0.00010858573862055393
zamadol sr 100mg m/r capsule|m1141153424	7.465269530163082e-05
amisulpride|m1141153490	0.0002986107812065233
elleste duet conti tablet|m1141156644	0.002690890335190602
candesartan cilexetil|m1141156836	0.015636346361359764
amias 2mg tablet|m1141156846	0.001554133384006678
amaryl 1mg tablet|m1141156984	0.0001357321732756924
mizolastine product|m1141157056	0.0002069915642454309
mizollen 10mg m/r tablet|m1141157060	0.00014591208627136933
montelukast product|m1141157126	0.002595877813897617
singulair 10mg tablet|m1141157132	0.0010349578212271546
senna product|m1141157178	0.0005395353887708773
glyceryl trinitrate product|m1141157252	0.0013844681674120625
isosorbide mononitrate product|m1141157254	0.0002748576508832771
salmeterol product|m1141157264	0.0008551126916368621
hydrocortisone product|m1141157294	0.0009433386042660622
clotrimazole product|m1141157304	9.501252129298468e-05
loratadine product|m1141157324	0.0002986107812065233
sumatriptan product|m1141157332	0.00022056478157300016
erythromycin product|m1141157356	9.8405825624877e-05
metronidazole product|m1141157364	0.0003020040855384156
prednisolone product|m1141157402	0.0005157822584476311
ibuprofen product|m1141157412	0.0002748576508832771
salicylic acid product|m1141157414	8.822591262920007e-05
budesonide product|m1141157418	0.00042755634581843107
hypromellose product|m1141157458	0.0007974265179946929
fentanyl product|m1141157470	0.00025789112922381557
salbutamol product|m1141157486	0.002195467902734325
ispaghula husk product|m1141157494	0.00044112956314600033
benadryl allergy relief 8mg capsule|m1141162526	0.00024092460756435402
lipantil micro 67mg capsule|m1141162544	0.0002782509552151694
monosorb xl 60 m/r tablet|m1141162550	8.143930396541544e-05
tolterodine l-tartrate|m1141162764	0.0028503756387895404
detrusitol 1mg tablet|m1141162824	0.00223279425038514
modafinil|m1141163114	0.00024771121622813865
beclo-aqua 50 nasal spray|m1141163146	0.00021038486857732322
pramipexole|m1141164060	0.0005972215624130466
mirapexin 0.088mg tablet|m1141164068	0.0004105898241589695
salmeterol+fluticasone propionate|m1141164086	0.0026128443355570787
imidapril hydrochloride|m1141164148	7.804599963352314e-05
nebivolol|m1141164276	0.0011740832988347393
nebilet 5mg tablet|m1141164280	0.00019002504258596936
protium 20mg e/c tablet|m1141164616	0.0003291505201935541
unguentum m cream|m1141164652	0.0001323388689438001
adcal-d3 1.5g/10micrograms chewable tablet|m1141164828	0.009847369171151484
sinemet-62.5 tablet|m1141164872	0.0004682759978011388
felodipine+ramipril|m1141165470	8.822591262920007e-05
kapake capsule|m1141165512	0.00026128443355570786
efavirenz|m1141165518	0.00018663173825407705
abacavir|m1141165852	0.0001662719122627232
telmisartan|m1141166006	0.002222614337389463
rennie duo oral suspension|m1141166086	0.00038344338950383107
implanon 68mg subdermal implant|m1141166200	0.0004241630414865388
leflunomide|m1141166294	0.0006209746927362927
femodette tablet|m1141166368	0.00011197904295244624
capsaicin 0.025% cream|m1141166746	0.0002375313032324617
combivir tablet|m1141166772	0.00010858573862055393
nevirapine|m1141167014	0.0002002049555816463
viramune 200mg tablet|m1141167020	0.0001017991299567693
rozex 0.75% cream|m1141167038	0.00014930539060326164
loperamide hydrochloride+simethicone|m1141167096	0.00017645182525840013
exorex lotion|m1141167140	0.00021377817290921554
oestrogel 0.06% gel|m1141167206	0.0003698701721762618
colofac-100 tablet|m1141167334	0.0017271919049331858
qvar 50 inhaler|m1141167594	0.005032270324196296
beclomist 50micrograms nasal spray|m1141167708	0.0004241630414865388
neoral 10mg capsule|m1141167744	0.0002443179118962463
zemtard 120 xl m/r capsule|m1141167832	0.00010858573862055393
dipyridamole+aspirin|m1141167844	0.00011197904295244624
asasantin retard m/r capsule|m1141167848	0.00036647686784436947
rizatriptan|m1141167932	0.0010688908645460776
maxalt 5mg tablet|m1141167940	0.0006718742577146774
isotard 25xl m/r tablet|m1141168108	0.000580255040753585
solpadol capsule|m1141168122	0.0007940332136628005
clopidogrel|m1141168318	0.009793076301841208
plavix 75mg tablet|m1141168322	0.0007261671270249544
kliovance 1mg/0.5mg tablet|m1141168326	0.0027553631174965557
zafirlukast|m1141168340	8.483260829730775e-05
dermol 200 shower emollient|m1141168374	0.00014251878193947701
migraleve tablet|m1141168554	0.001761124948252109
raloxifene hydrochloride|m1141168574	0.0009094055609471391
evista 60mg tablet|m1141168578	0.0003596902591805849
rabeprazole sodium|m1141168584	0.0025585514662468016
pariet 10mg e/c tablet|m1141168590	0.0008856524306238929
panadol extra tablet|m1141168646	7.804599963352314e-05
solpadeine tablet|m1141168648	0.0002748576508832771
solpadeine capsule|m1141168650	0.0003495103461849079
repaglinide|m1141168660	0.00024771121622813865
orlistat|m1141168680	0.0017475517309245396
xenical 120mg capsule|m1141168684	0.001367501645752601
propiverine hydrochloride|m1141168714	0.00014930539060326164
detrunorm 15mg tablet|m1141168718	0.00012215895594812316
peptac liquid|m1141168752	0.0013301752981017855
sildenafil|m1141168936	0.002779116247819802
viagra 25mg tablet|m1141168944	0.0004038032154951849
viagra 50mg tablet|m1141168946	0.00045130947614167725
viagra 100mg tablet|m1141168948	0.0004682759978011388
dorzolamide+timolol|m1141169516	0.00028164425954706174
cosopt 2%/0.5% eye drops|m1141169520	0.0013607150370888164
difflam sore throat 0.15% oral rinse|m1141169694	0.00010519243428866161
entacapone|m1141169700	0.00017984512959029245
dexamethasone+hypromellose 0.1%/0.5% eye drops|m1141169844	0.0006074014754087235
liquid paraffin product|m1141170844	0.0001323388689438001
oxynorm 10mg capsule|m1141170964	7.465269530163082e-05
oxycodone hydrochloride|m1141171038	0.00034611704185301563
oxycontin 10mg m/r tablet|m1141171048	0.0002035982599135386
oxycontin 20mg m/r tablet|m1141171050	0.0001017991299567693
oxynorm 5mg capsule|m1141171066	8.822591262920007e-05
exemestane|m1141171100	0.0005938282580811542
aromasin 25mg tablet|m1141171104	0.00023074469456867708
cardicor 1.25mg tablet|m1141171152	0.0013742882544163855
eprosartan|m1141171336	0.0008245729526498314
teveten 300mg tablet|m1141171344	0.00021717147724110785
trospium|m1141171496	0.0006209746927362927
regurin 20mg tablet|m1141171502	0.00015269869493515396
pioglitazone|m1141171646	0.003196492680642556
actos 15mg tablet|m1141171652	0.0002375313032324617
sudafed dual relief capsule|m1141171672	8.143930396541544e-05
levetiracetam|m1141171932	0.0006175813884044004
keppra 250mg tablet|m1141171940	0.00044112956314600033
adcal 600mg chewable tablet|m1141171948	0.004231450501869711
supralip 160mg m/r tablet|m1141172214	0.0001662719122627232
indivina 1mg/2.5mg tablet|m1141172436	0.00038683669383572335
micardis 20mg tablet|m1141172492	0.00042076973715464644
copaxone 20mg injection (pdr for recon)|m1141172620	0.00012894556461190778
almogran 12.5mg tablet|m1141172628	0.00017305852092650782
irbesartan+hydrochlorothiazide 150mg/12.5mg tablet|m1141172682	0.00035290365051680026
coaprovel 150mg/12.5mg tablet|m1141172686	0.000437736258814108
monomax xl 60mg m/r tablet|m1141172698	0.0004343429544822157
almotriptan|m1141172728	0.0003020040855384156
depakote 250mg e/c tablet|m1141172838	0.0004071965198270772
celluvisc 1% single-use eye drops|m1141172918	0.0011435435598477085
desloratadine|m1141172924	0.0018425642522175243
neoclarityn 5mg tablet|m1141172928	0.0016457526009677704
capecitabine|m1141173030	0.00012555226028001547
benadryl plus capsule|m1141173212	0.00011197904295244624
ursodeoxycholic acid|m1141173328	0.0004750626064649234
folinic acid|m1141173342	0.00024092460756435402
cortisone|m1141173346	0.0002002049555816463
hydroxocobalamin|m1141173348	0.0012283761681450163
dulco-lax 2.5mg perles|m1141173444	0.00011537234728433854
zoledronic acid|m1141173814	0.00019002504258596936
cetraben cream|m1141173872	0.00025789112922381557
nateglinide|m1141173882	0.00012215895594812316
xismox xl 60 m/r tablet|m1141173888	0.00022735139023678477
doublebase gel|m1141174032	0.0007295604313568467
calcitriol|m1141174388	0.00015269869493515396
solaraze 3% gel|m1141174424	0.00024771121622813865
sibutramine|m1141174500	0.00015609199926704627
reductil 10mg capsule|m1141174508	0.000437736258814108
budesonide+eformoterol|m1141174512	9.501252129298468e-05
symbicort 100/6 turbohaler|m1141174520	0.008758118480614053
oxactin 20mg capsule|m1141174756	7.125939096973851e-05
sevelamer|m1141175192	7.804599963352314e-05
oxcarbazepine|m1141175204	0.00011876565161623085
risedronate sodium|m1141175684	0.002823229204134402
actonel 5mg tablet|m1141175690	0.0011537234728433855
brinzolamide|m1141176284	0.0005157822584476311
azopt 10mg/ml eye drops|m1141176288	0.0006209746927362927
fosamax 5mg tablet|m1141176570	0.0018018446002348166
celecoxib|m1141176662	0.0015168070363558626
celebrex 100mg capsule|m1141176668	0.0011639033858390623
celebrex 200mg capsule|m1141176670	0.000536142084438985
carbomers|m1141176732	0.00111639712519257
seretide 50 evohaler|m1141176832	0.01677649661687558
esomeprazole|m1141177526	0.004927077889907634
nexium 20mg tablet|m1141177532	0.0025551581619149095
rosiglitazone|m1141177600	0.0022124344243937863
avandia 4mg tablet|m1141177606	0.00021717147724110785
fersamal tablet|m1141177686	0.0001594853035989386
risperdal 0.5mg tablet|m1141177762	9.161921696109237e-05
micropirin 75mg e/c tablet|m1141177826	0.0002341379989005694
eltroxin 25micrograms tablet|m1141178036	0.00034611704185301563
zapain caplet|m1141178052	0.0004716693021330311
zapain capsule|m1141178054	0.00015609199926704627
aranesp 10micrograms/0.4ml prefilled syringe|m1141178816	0.00017305852092650782
pulvinal salbutamol 200mcg breath-act dry powder inhaler|m1141179066	8.143930396541544e-05
pulvinal beclomethasone diprop 100mcg breath-act dry pdr inh|m1141179072	0.0001391254776075847
nyogel 0.1% liquid eye gel|m1141179734	7.804599963352314e-05
tenofovir|m1141179764	0.0004241630414865388
yasmin tablet|m1141179824	0.00021717147724110785
piriteze 10mg tablet|m1141179830	0.0002341379989005694
protopic 0.03% ointment|m1141179846	0.0002443179118962463
bimatoprost|m1141179914	0.0008483260829730776
lumigan 0.3mg/ml eye drops|m1141179920	0.0010213846038995853
cozaar 25mg tablet|m1141179974	0.001672899035622909
betamethasone+calcipotriol|m1141179982	0.0001594853035989386
dovobet ointment|m1141179992	0.0015405601666791087
fybogel orange s/f granules|m1141180036	0.0028843086821084634
etoricoxib|m1141180140	0.0013064221677785393
arcoxia 60mg tablet|m1141180148	0.0005565019104303388
arcoxia 90mg tablet|m1141180150	0.0003596902591805849
arcoxia 120mg tablet|m1141180152	0.00021717147724110785
silkis 3micrograms/g ointment|m1141180200	7.465269530163082e-05
escitalopram|m1141180212	0.002507651901268417
amoxicillin|m1141180226	0.0011503301685114931
amoxicillin product|m1141180228	7.125939096973851e-05
ibandronic acid|m1141180314	0.0012928489504509702
beclometasone dipropionate+salbutamol|m1141180342	0.000875472517628216
cefalexin|m1141180392	0.0008008198223265852
perindopril+indapamide|m1141180592	0.0003291505201935541
coversyl plus 4mg/1.25mg tablet|m1141180598	0.0002986107812065233
cefradine|m1141180644	0.00019341834691786168
zirtek allergy 10mg tablet|m1141180662	0.0003630835635124772
colestyramine product|m1141180734	7.804599963352314e-05
calcium carbonate+colecalciferol 1.25g/5micrograms tablet|m1141180936	0.0006616943447190005
cilostazol|m1141181150	0.00010519243428866161
benadryl one a day 10mg tablet|m1141181562	0.00014591208627136933
estriol product|m1141181594	0.0005632885190941235
estradiol product|m1141181700	0.0024329992059667865
estradiol+norethisterone acetate 1mg/0.5mg tablet|m1141181818	0.00010519243428866161
omacor 1g capsule|m1141181868	0.001849350860881309
betaferon 300micrograms injection (pdr for recon)+diluent|m1141181882	9.501252129298468e-05
sulfadiazine|m1141182110	8.822591262920007e-05
tiotropium|m1141182628	0.003664768678443695
spiriva 18micrograms inhalation capsule|m1141182632	0.002049555816462955
fenactol 25mg e/c tablet|m1141182674	0.00012894556461190778
cerazette 75micrograms tablet|m1141182800	0.003033614072711725
latanoprost+timolol|m1141184722	0.00018663173825407705
xalacom 0.005%/0.5% eye drops|m1141184726	0.0007601001703438774
levocetirizine|m1141184748	0.0009060122566152468
xyzal 5mg tablet|m1141184752	0.00021038486857732322
imatinib|m1141185284	7.125939096973851e-05
travoprost|m1141185316	0.0005463219974346619
travatan 40micrograms/ml eye drops|m1141185326	0.0009569118215936314
eletriptan|m1141185436	7.125939096973851e-05
ispagel 3.5g/sachet s/f powder|m1141185480	0.00012555226028001547
cetraben emollient cream|m1141185986	0.00031218399853409254
biotene oralbalance oral gel|m1141186750	0.00015609199926704627
care cetirizine hayfever relief 10mg tablet|m1141187230	0.0003495103461849079
codipar caplet|m1141187304	0.0003495103461849079
sustiva 600mg tablet|m1141187568	9.501252129298468e-05
nurofen 200mg tablet|m1141187776	0.0007533135616800929
telmisartan+hydrochlorothiazide 40mg/12.5mg tablet|m1141187788	0.0001323388689438001
micardisplus 40mg/12.5mg tablet|m1141187790	0.00015269869493515396
tadalafil|m1141187810	0.001805237904566709
cialis 10mg tablet|m1141187814	0.0007940332136628005
cialis 20mg tablet|m1141187818	0.0005022090411200619
simvador 10mg tablet|m1141188146	0.0018731039912045552
felotens xl 5mg m/r tablet|m1141188152	0.0001594853035989386
berocca effervescent tablet|m1141188210	0.00031218399853409254
tritace 1.25mg tablet|m1141188408	0.0001357321732756924
gavilast-p 75mg tablet|m1141188426	0.00018663173825407705
glucosamine product|m1141188442	0.08892832662590178
non-drowsy sinutab tablet|m1141188512	8.483260829730775e-05
anadin paracetamol 500mg tablet|m1141188516	9.161921696109237e-05
niaspan 500mg m/r tablet|m1141188546	0.00011537234728433854
adalimumab|m1141188588	0.00014591208627136933
humira 40mg injection solution 0.8ml prefilled syringe|m1141188594	0.00037665678084004644
avonex 30micrograms/0.5ml prefilled syringe|m1141188642	7.125939096973851e-05
asacol mr 400mg e/c tablet|m1141188658	0.0005870416494173697
felendil xl 5mg m/r tablet|m1141188836	0.00031218399853409254
solpadeine plus capsule|m1141189008	7.465269530163082e-05
solpadeine plus soluble effervescent tablet|m1141189064	0.00011537234728433854
solpadeine headache soluble tablet|m1141189068	0.00010858573862055393
rosiglitazone 1mg / metformin 500mg tablet|m1141189090	0.0005972215624130466
avandamet 1mg / 500mg tablet|m1141189094	0.000580255040753585
stalevo 50mg / 12.5mg / 200mg tablet|m1141189134	0.00026128443355570786
emtricitabine|m1141189380	0.0002035982599135386
mesren mr 400mg m/r tablet|m1141189390	9.161921696109237e-05
exe-cort hydrocortisone 1% cream|m1141189464	9.8405825624877e-05
monomil xl 60mg m/r tablet|m1141189776	9.8405825624877e-05
cipralex 5mg tablet|m1141190158	0.0012419493854725855
vascalpha 5mg m/r tablet|m1141190160	0.00044112956314600033
rhinolast 0.1% nasal spray|m1141190244	0.0002002049555816463
atazanavir|m1141190554	0.0001323388689438001
germoloids cream|m1141190642	7.125939096973851e-05
paracetamol+tramadol|m1141190956	0.00014251878193947701
tramacet 325mg/37.5mg tablet|m1141190960	0.0004648826934692465
levothyroxine sodium|m1141191044	0.057642060685854674
calfovit d3 powder for oral suspension|m1141191312	0.0002748576508832771
respiratory mometasone|m1141191748	0.0008279662569817236
dutasteride|m1141192000	0.0010112046909039084
avodart 500micrograms capsule|m1141192004	0.0002748576508832771
metrosa 0.75% gel|m1141192154	7.125939096973851e-05
vardenafil|m1141192248	0.00038344338950383107
levitra 10mg tablet|m1141192258	0.00010858573862055393
levitra 20mg tablet|m1141192260	0.00012555226028001547
opatanol 1mg/ml eye drops|m1141192302	8.822591262920007e-05
rosuvastatin|m1141192410	0.008768298393609729
crestor 10mg tablet|m1141192414	0.0009433386042660622
frovatriptan|m1141192666	0.00014591208627136933
migard 2.5mg tablet|m1141192670	0.00010858573862055393
ezetimibe|m1141192736	0.008632566220334037
ezetrol 10mg tablet|m1141192740	0.002680710422194925
rino clenil 50micrograms nasal spray|m1141192916	0.0027078568568500634
eccoxolac 300mg capsule|m1141193170	0.0001017991299567693
testogel 50mg gel 5g sachet|m1141193272	0.0005123889541157388
olmesartan|m1141193282	0.0017000454702780473
lyrinel xl 5mg m/r tablet|m1141193290	0.0002069915642454309
olmetec 10mg tablet|m1141193346	0.0008551126916368621
allergy relief antihistamine 4mg tablet|m1141194224	0.0005022090411200619
telfast 30 tablet|m1141194386	0.0009772716475849852
bendroflumethiazide|m1141194794	0.079562806669879
bendroflumethiazide+potassium 2.5mg/7.7mmol m/r tablet|m1141194800	0.000339330433189231
atenolol+bendroflumethiazide|m1141194810	0.00017305852092650782
hydrocortisone+lidocaine|m1141194840	8.143930396541544e-05
dicycloverine|m1141194852	0.00028164425954706174
hydroxycarbamide|m1141195044	0.000590434953749262
formoterol|m1141195224	0.00039701660683140027
budesonide+formoterol|m1141195232	0.0009670917345893083
novolizer budesonide 200micrograms/dose cartridge+inhaler|m1141195280	0.00015269869493515396
dermol cream|m1141195836	0.0002443179118962463
aripiprazole|m1141195974	0.00019002504258596936
cardioplen xl 5mg m/r tablet|m1141199858	0.0008177863439860467
pregabalin|m1141200004	0.003148986419996064
lyrica 25mg capsule|m1141200072	0.00044112956314600033
cymalon cranberry 1.5g/5ml liquid|m1141200108	0.00046148938913735416
solifenacin|m1141200322	0.0023040536413548784
vesicare 5mg tablet|m1141200384	0.0013199953851061087
amlostin 5mg tablet|m1141200400	0.0002035982599135386
glivec 100mg tablet|m1141200440	0.00014251878193947701
duloxetine|m1141200564	0.001258915907132047
yentreve 20mg gastro-resistant capsule|m1141200570	8.483260829730775e-05
easyhaler salbutamol 100mcg breath-actuated dry powder inh|m1141200640	0.0002341379989005694
strontium product|m1141200708	0.0004139831284908618
care ibuprofen 10% gel|m1141200748	0.0001323388689438001
protelos 2g sachets|m1141200768	0.00035290365051680026
neofel xl 5mg m/r tablet|m1141200782	0.00014591208627136933
oilatum bath formula liquid bath additive|m1141200878	0.0001323388689438001
valsartan+hydrochlorothiazide 80mg/12.5mg tablet|m1141201038	0.00021377817290921554
co-diovan 80mg/12.5mg tablet|m1141201040	0.00023074469456867708
eplerenone|m1141201244	0.000196811651249754
nebido 1000mg/4ml solution for injection|m1141201718	0.0001696652165946155
cymbalta 30mg gastro-resistant capsule|m1141201834	0.0001323388689438001
estradot 25micrograms patch|m1141202030	0.0002782509552151694
chondroitin product|m1187	0.01693598192047452
co-enzyme q10/ubiquinone/bio-quinone/coenzyme q10|m1189	0.00464204032602868
omega-3/fish oil supplement|m1193	0.04978656115752397
vitamin c product|m1195	0.0034204507665474486
evening primrose oil product|m1197	0.0028503756387895404
food supplement/plant/herbal extract|m1199	0.00508316988917468
st john's wort/hypericum [ctsu]|m1201	0.002405852771311648
aloe vera product|m1203	0.0013946480804077393
saw palmetto product|m1205	0.0015269869493515396
nicotine|m2018610518	7.804599963352314e-05
carbamazepine|m2038459704	0.0021920745984024322
digoxin|m2038459814	0.0038005008517193874
cyclosporin|m2038459888	0.00024771121622813865
phenobarbitone|m2038460068	0.00038344338950383107
phenytoin|m2038460076	0.0012792757331234008
paracetamol|m2038460150	0.2598762122579726
